<?xml version="1.0" encoding="UTF-8"?>
<!-- @author <a href="https://github.com/liyupi">程序员鱼皮</a> -->
<!-- @from <a href="https://yupi.icu">编程导航知识星球</a> -->
<!DOCTYPE mapper
        PUBLIC "-//mybatis.org//DTD Mapper 3.0//EN"
        "http://mybatis.org/dtd/mybatis-3-mapper.dtd">
<mapper namespace="com.yupi.yuoj.mapper.PostFavourMapper">

    <resultMap id="BaseResultMap" type="com.yupi.yuoj.model.entity.PostFavour">
        <id property="id" column="id" jdbcType="BIGINT"/>
        <result property="postId" column="postId" jdbcType="BIGINT"/>
        <result property="userId" column="userId" jdbcType="BIGINT"/>
        <result property="createTime" column="createTime" jdbcType="TIMESTAMP"/>
        <result property="updateTime" column="updateTime" jdbcType="TIMESTAMP"/>
    </resultMap>

    <sql id="Base_Column_List">
        id,postId,userId,
        createTime,updateTime
    </sql>

    <select id="listFavourPostByPage"
            resultType="com.yupi.yuoj.model.entity.Post">
        select p.*
        from post p
                 join (select postId from post_favour where userId = #{favourUserId}) pf
                      on p.id = pf.postId ${ew.customSqlSegment}
    </select>
</mapper>
